Номер;Дата просмотра;Updated at
44;16.05.2016;23:44
44;16.05.2016;23:43
44;16.05.2016;23:41
47;16.05.2016;23:40
48;16.05.2016;23:40
47;16.05.2016;23:40
47;16.05.2016;23:40
47;16.05.2016;23:40
47;16.05.2016;23:40
47;16.05.2016;23:40
47;16.05.2016;23:40
47;16.05.2016;23:40
139;16.05.2016;23:38
204;16.05.2016;23:36
206;16.05.2016;23:35
159;16.05.2016;23:34
157;16.05.2016;23:33
199;16.05.2016;23:32
136;16.05.2016;23:31
137;16.05.2016;23:31
136;16.05.2016;23:30
128;16.05.2016;23:29
157;16.05.2016;23:21
159;16.05.2016;23:19
159;16.05.2016;23:18
203;16.05.2016;23:17
155;16.05.2016;23:16
154;16.05.2016;23:13
128;16.05.2016;23:11
128;16.05.2016;23:09
27;16.05.2016;23:08
159;16.05.2016;23:07
131;16.05.2016;23:06
159;16.05.2016;23:06
159;16.05.2016;23:06
140;16.05.2016;23:05
140;16.05.2016;23:05
143;16.05.2016;23:02
202;16.05.2016;23:01
203;16.05.2016;23:00
157;16.05.2016;22:59
115;16.05.2016;22:57
126;16.05.2016;22:57
126;16.05.2016;22:57
154;16.05.2016;22:56
156;16.05.2016;22:56
155;16.05.2016;22:56
154;16.05.2016;22:56
154;16.05.2016;22:56
154;16.05.2016;22:55
155;16.05.2016;22:50
218;16.05.2016;22:18
218;16.05.2016;22:18
114;16.05.2016;20:36
13;16.05.2016;20:19
8;16.05.2016;20:19
147;16.05.2016;17:27
149;16.05.2016;17:27
147;16.05.2016;17:27
143;16.05.2016;17:27
133;16.05.2016;17:26
136;16.05.2016;17:26
136;16.05.2016;17:26
134;16.05.2016;17:26
132;16.05.2016;17:25
129;16.05.2016;17:25
150;16.05.2016;17:25
45;16.05.2016;17:04
47;16.05.2016;16:38
9;16.05.2016;15:43
12;16.05.2016;15:42
17;16.05.2016;14:23
133;16.05.2016;13:23
133;16.05.2016;13:23
186;16.05.2016;13:07
201;16.05.2016;12:10
150;16.05.2016;12:10
154;16.05.2016;02:30
154;16.05.2016;02:25
155;16.05.2016;02:25
154;16.05.2016;02:23
10;16.05.2016;00:12
37;16.05.2016;00:12
27;16.05.2016;00:12
33;15.05.2016;23:54
32;15.05.2016;23:54
125;15.05.2016;22:39
126;15.05.2016;22:38
220;15.05.2016;22:36
49;15.05.2016;22:36
45;15.05.2016;21:54
48;15.05.2016;21:52
150;15.05.2016;21:51
136;15.05.2016;21:50
131;15.05.2016;21:48
24;15.05.2016;21:46
42;15.05.2016;21:46
39;15.05.2016;21:45
27;15.05.2016;21:45
7;15.05.2016;21:33
22;15.05.2016;17:16
19;15.05.2016;15:56
32;15.05.2016;15:56
27;15.05.2016;11:51
128;15.05.2016;11:51
128;15.05.2016;11:50
22;15.05.2016;11:49
7;15.05.2016;11:46
128;15.05.2016;11:42
151;15.05.2016;11:42
136;15.05.2016;11:42
17;15.05.2016;11:36
127;15.05.2016;11:35
106;15.05.2016;11:30
134;15.05.2016;11:28
24;15.05.2016;11:21
29;15.05.2016;11:20
32;15.05.2016;11:18
19;15.05.2016;11:08
104;15.05.2016;11:07
173;15.05.2016;11:05
47;15.05.2016;09:05
155;15.05.2016;00:46
154;15.05.2016;00:43
200;15.05.2016;00:43
200;15.05.2016;00:43
200;15.05.2016;00:43
203;15.05.2016;00:42
154;14.05.2016;23:19
155;14.05.2016;23:19
154;14.05.2016;23:19
155;14.05.2016;23:19
154;14.05.2016;23:19
158;14.05.2016;23:18
123;14.05.2016;23:17
154;14.05.2016;23:16
154;14.05.2016;23:12
154;14.05.2016;23:06
38;14.05.2016;23:00
68;14.05.2016;22:41
17;14.05.2016;21:47
24;14.05.2016;21:47
32;14.05.2016;21:47
31;14.05.2016;21:46
89;14.05.2016;19:25
100;14.05.2016;19:22
4;14.05.2016;19:22
7;14.05.2016;19:09
18;14.05.2016;19:08
12;14.05.2016;19:07
12;14.05.2016;19:07
14;14.05.2016;19:07
14;14.05.2016;19:07
24;14.05.2016;19:07
39;14.05.2016;19:06
75;14.05.2016;11:23
65;14.05.2016;10:30
26;14.05.2016;09:21
266;14.05.2016;03:01
263;14.05.2016;03:01
260;14.05.2016;03:01
257;14.05.2016;03:01
33;14.05.2016;03:00
50;14.05.2016;02:35
220;14.05.2016;00:56
49;14.05.2016;00:56
13;13.05.2016;23:34
47;13.05.2016;23:10
134;13.05.2016;23:09
32;13.05.2016;23:06
248;13.05.2016;22:56
200;13.05.2016;22:55
203;13.05.2016;22:54
44;13.05.2016;22:52
32;13.05.2016;22:28
155;13.05.2016;21:44
154;13.05.2016;21:42
48;13.05.2016;21:36
54;13.05.2016;21:17
75;13.05.2016;21:17
7;13.05.2016;19:59
7;13.05.2016;19:57
17;13.05.2016;19:12
32;13.05.2016;19:11
47;13.05.2016;19:11
17;13.05.2016;19:10
17;13.05.2016;19:10
17;13.05.2016;19:10
17;13.05.2016;19:09
108;13.05.2016;19:05
22;13.05.2016;18:29
22;13.05.2016;18:28
37;13.05.2016;18:08
147;13.05.2016;18:02
146;13.05.2016;16:45
42;13.05.2016;16:36
86;13.05.2016;13:25
147;13.05.2016;07:57
32;13.05.2016;07:48
37;13.05.2016;07:48
32;13.05.2016;07:48
27;13.05.2016;07:48
150;13.05.2016;07:20
153;13.05.2016;02:10
78;13.05.2016;00:24
151;13.05.2016;00:08
239;13.05.2016;00:06
82;13.05.2016;00:06
95;13.05.2016;00:04
139;12.05.2016;23:35
116;12.05.2016;23:35
116;12.05.2016;23:35
237;12.05.2016;22:16
116;12.05.2016;22:05

